,predictions
images/0.jpg,0
images/1.jpg,0
images/10.jpg,0
images/100.jpg,5
images/101.jpg,5
images/102.jpg,1
images/103.jpg,5
images/104.jpg,5
images/105.jpg,5
images/106.jpg,5
images/107.jpg,5
images/108.jpg,5
images/109.jpg,5
images/11.jpg,0
images/110.jpg,5
images/111.jpg,5
images/112.jpg,5
images/113.jpg,4
images/114.jpg,5
images/115.jpg,2
images/116.jpg,5
images/117.jpg,5
images/118.jpg,5
images/119.jpg,5
images/12.jpg,5
images/120.jpg,6
images/121.jpg,6
images/122.jpg,6
images/123.jpg,10
images/124.jpg,9
images/125.jpg,6
images/126.jpg,6
images/127.jpg,6
images/128.jpg,6
images/129.jpg,6
images/13.jpg,0
images/130.jpg,6
images/131.jpg,6
images/132.jpg,6
images/133.jpg,6
images/134.jpg,6
images/135.jpg,6
images/136.jpg,6
images/137.jpg,7
images/138.jpg,6
images/139.jpg,6
images/14.jpg,0
images/140.jpg,7
images/141.jpg,7
images/142.jpg,7
images/143.jpg,0
images/144.jpg,7
images/145.jpg,7
images/146.jpg,7
images/147.jpg,7
images/148.jpg,7
images/149.jpg,7
images/15.jpg,0
images/150.jpg,7
images/151.jpg,7
images/152.jpg,7
images/153.jpg,7
images/154.jpg,7
images/155.jpg,7
images/156.jpg,7
images/157.jpg,7
images/158.jpg,7
images/159.jpg,7
images/16.jpg,0
images/160.jpg,8
images/161.jpg,8
images/162.jpg,8
images/163.jpg,8
images/164.jpg,0
images/165.jpg,8
images/166.jpg,8
images/167.jpg,8
images/168.jpg,8
images/169.jpg,8
images/17.jpg,0
images/170.jpg,8
images/171.jpg,10
images/172.jpg,8
images/173.jpg,8
images/174.jpg,8
images/175.jpg,8
images/176.jpg,8
images/177.jpg,8
images/178.jpg,8
images/179.jpg,8
images/18.jpg,0
images/180.jpg,9
images/181.jpg,9
images/182.jpg,9
images/183.jpg,9
images/184.jpg,9
images/185.jpg,7
images/186.jpg,9
images/187.jpg,9
images/188.jpg,9
images/189.jpg,9
images/19.jpg,0
images/190.jpg,9
images/191.jpg,9
images/192.jpg,9
images/193.jpg,9
images/194.jpg,9
images/195.jpg,9
images/196.jpg,9
images/197.jpg,9
images/198.jpg,9
images/199.jpg,9
images/2.jpg,0
images/20.jpg,5
images/200.jpg,10
images/201.jpg,10
images/202.jpg,10
images/203.jpg,10
images/204.jpg,10
images/205.jpg,10
images/206.jpg,10
images/207.jpg,10
images/208.jpg,10
images/209.jpg,10
images/21.jpg,1
images/210.jpg,10
images/211.jpg,10
images/212.jpg,10
images/213.jpg,10
images/214.jpg,10
images/215.jpg,10
images/216.jpg,10
images/217.jpg,10
images/218.jpg,10
images/219.jpg,10
images/22.jpg,1
images/23.jpg,1
images/24.jpg,1
images/25.jpg,1
images/26.jpg,1
images/27.jpg,1
images/28.jpg,1
images/29.jpg,1
images/3.jpg,0
images/30.jpg,1
images/31.jpg,1
images/32.jpg,1
images/33.jpg,1
images/34.jpg,1
images/35.jpg,1
images/36.jpg,1
images/37.jpg,1
images/38.jpg,1
images/39.jpg,1
images/4.jpg,0
images/40.jpg,2
images/41.jpg,2
images/42.jpg,2
images/43.jpg,2
images/44.jpg,2
images/45.jpg,2
images/46.jpg,2
images/47.jpg,2
images/48.jpg,2
images/49.jpg,2
images/5.jpg,0
images/50.jpg,2
images/51.jpg,2
images/52.jpg,2
images/53.jpg,2
images/54.jpg,0
images/55.jpg,2
images/56.jpg,2
images/57.jpg,2
images/58.jpg,2
images/59.jpg,2
images/6.jpg,0
images/60.jpg,3
images/61.jpg,3
images/62.jpg,3
images/63.jpg,3
images/64.jpg,3
images/65.jpg,3
images/66.jpg,3
images/67.jpg,3
images/68.jpg,3
images/69.jpg,3
images/7.jpg,0
images/70.jpg,3
images/71.jpg,3
images/72.jpg,3
images/73.jpg,8
images/74.jpg,3
images/75.jpg,3
images/76.jpg,3
images/77.jpg,3
images/78.jpg,3
images/79.jpg,3
images/8.jpg,0
images/80.jpg,2
images/81.jpg,4
images/82.jpg,4
images/83.jpg,4
images/84.jpg,4
images/85.jpg,4
images/86.jpg,4
images/87.jpg,4
images/88.jpg,4
images/89.jpg,4
images/9.jpg,0
images/90.jpg,4
images/91.jpg,4
images/92.jpg,4
images/93.jpg,4
images/94.jpg,4
images/95.jpg,4
images/96.jpg,4
images/97.jpg,4
images/98.jpg,4
images/99.jpg,4
